{"cameraMode":{"drawMode":0,"name":"Shaded","section":"Shading Mode"},"sceneLighting":true,"audioPlay":false,"sceneViewState":{"m_AlwaysRefresh":false,"showFog":true,"showSkybox":true,"showFlares":true,"showImageEffects":true,"showParticleSystems":true,"showVisualEffectGraphs":true,"m_FxEnabled":true},"in2DMode":false,"pivot":{"x":266.618408203125,"y":-205.84487915039063,"z":640.2806396484375},"rotation":{"x":0.17940300703048707,"y":0.07487917691469193,"z":-0.013696448877453804,"w":0.9808289408683777},"size":628.0796508789063,"orthographic":false}