{"cameraMode":{"drawMode":0,"name":"Shaded","section":"Shading Mode"},"sceneLighting":true,"audioPlay":false,"sceneViewState":{"m_AlwaysRefresh":false,"showFog":true,"showSkybox":true,"showFlares":true,"showImageEffects":true,"showParticleSystems":true,"showVisualEffectGraphs":true,"m_FxEnabled":true},"in2DMode":false,"pivot":{"x":196.76339721679688,"y":22.124526977539064,"z":-109.3117904663086},"rotation":{"x":0.21855124831199647,"y":0.03804609179496765,"z":-0.008527805097401142,"w":0.975046694278717},"size":93.71784973144531,"orthographic":false}